Millis,Acce_X,Acce_Y,Acce_Z,Gyro_X,Gyro_Y,Gyro_Z,Temp
62747,-0.03,-0.93,0.01,-3.74,8.99,0.08,30.13
62757,-0.03,-0.91,0.01,-5.10,11.71,1.48,30.22
62767,-0.02,-0.91,0.01,-5.27,13.42,2.37,30.04
62777,-0.03,-0.90,0.02,-6.31,13.68,1.95,30.13
62787,-0.03,-0.89,0.03,-7.94,13.34,-0.67,30.13
62797,-0.04,-0.89,0.05,-9.07,11.51,-4.32,30.08
62807,-0.03,-0.88,0.05,-10.27,9.79,-7.60,30.08
62817,-0.05,-0.88,0.07,-11.71,8.00,-9.71,30.18
62827,-0.06,-0.87,0.07,-13.04,6.05,-10.05,30.08
62837,-0.07,-0.86,0.07,-13.05,4.64,-8.29,30.08
62847,-0.07,-0.86,0.05,-12.60,4.20,-4.90,30.08
62857,-0.06,-0.86,0.04,-11.10,5.95,-0.14,30.22
62867,-0.05,-0.86,0.04,-12.18,7.01,3.02,30.13
62877,-0.03,-0.86,0.04,-14.84,6.76,2.92,30.13
62887,-0.02,-0.86,0.04,-17.24,5.11,1.01,30.13
62897,-0.01,-0.87,0.02,-19.10,3.54,-0.67,30.08
62907,-0.01,-0.87,0.02,-21.37,2.11,-1.92,30.13
62917,-0.02,-0.89,0.02,-23.18,1.77,-2.63,30.08
62927,-0.01,-0.91,0.03,-25.04,2.47,-3.91,30.08
62937,-0.01,-0.91,0.04,-25.42,2.47,-5.54,30.18
62947,-0.02,-0.90,0.02,-24.24,2.50,-6.40,30.08
62957,-0.01,-0.89,0.02,-22.50,2.76,-5.68,30.08
62967,-0.02,-0.89,0.00,-21.11,3.01,-3.86,30.08
62977,-0.02,-0.88,-0.01,-22.09,4.05,-1.40,30.08
62987,-0.02,-0.89,-0.00,-24.81,5.21,-0.17,30.13
62997,-0.01,-0.89,0.02,-27.10,6.05,-0.03,30.13
63007,-0.01,-0.89,0.02,-28.24,4.92,-1.15,30.13
63017,-0.00,-0.89,0.00,-27.69,5.28,-1.79,30.13
63027,0.01,-0.87,0.00,-27.53,6.18,-0.72,30.18
63037,-0.00,-0.88,0.03,-27.69,6.24,-0.40,30.13
63047,-0.01,-0.88,0.01,-27.56,6.73,-0.64,30.18
63057,-0.00,-0.89,-0.01,-26.56,7.65,0.05,30.08
63067,-0.03,-0.87,-0.02,-26.81,5.63,1.28,29.99
63077,-0.02,-0.85,-0.04,-27.01,4.98,0.84,30.08
63087,-0.01,-0.81,-0.07,-27.85,5.19,0.56,30.08
63097,-0.02,-0.77,-0.12,-32.84,3.88,0.99,30.18
63107,-0.03,-0.74,-0.16,-39.95,2.24,1.76,30.13
63117,-0.04,-0.74,-0.17,-48.43,-1.34,3.31,30.13
63127,-0.02,-0.74,-0.19,-58.53,-1.62,4.21,30.04
63137,-0.01,-0.77,-0.15,-66.84,-4.06,3.73,30.04
63147,-0.02,-0.80,-0.11,-70.38,-4.69,2.92,30.13
63157,-0.01,-0.83,-0.11,-70.17,-5.97,2.75,30.18
63167,-0.02,-0.88,-0.08,-65.36,-4.40,2.20,30.18
63177,-0.02,-0.90,-0.07,-57.83,-0.85,3.48,30.18
63187,-0.01,-0.94,-0.07,-49.80,-0.03,3.33,30.18
63197,-0.03,-0.93,-0.11,-45.18,1.63,2.26,30.08
63207,-0.02,-0.89,-0.14,-42.11,1.83,0.35,30.18
63217,-0.02,-0.89,-0.18,-41.31,3.04,-2.76,30.18
63227,-0.04,-0.87,-0.24,-43.71,-0.69,-5.39,30.08
63237,-0.05,-0.85,-0.27,-48.02,-1.27,-6.08,29.94
63247,-0.06,-0.86,-0.28,-52.56,-2.31,-4.08,30.04
63257,-0.07,-0.88,-0.26,-57.27,-4.69,-1.44,30.13
63267,-0.04,-0.90,-0.26,-61.10,-3.54,0.89,30.13
63277,-0.03,-0.93,-0.22,-61.82,-4.66,1.47,30.22
63287,-0.02,-0.95,-0.22,-58.63,-5.71,0.64,30.08
63297,-0.02,-0.98,-0.21,-52.11,-4.75,-0.53,30.08
63307,-0.03,-0.98,-0.24,-46.06,-6.70,-3.25,30.18
63317,-0.03,-0.95,-0.26,-42.81,-5.91,-5.11,30.08
63327,-0.01,-0.95,-0.27,-41.65,-3.73,-7.97,30.18
63337,-0.03,-0.92,-0.29,-42.32,-2.95,-10.76,30.18
63347,-0.04,-0.88,-0.29,-44.06,-1.47,-12.37,30.18
63357,-0.04,-0.84,-0.33,-43.98,-1.37,-11.19,30.08
63367,-0.07,-0.83,-0.33,-43.68,-1.86,-6.76,30.13
63377,-0.09,-0.82,-0.33,-43.01,-2.44,0.29,30.13
63387,-0.08,-0.85,-0.35,-44.50,-2.69,7.02,30.13
63397,-0.09,-0.85,-0.34,-46.40,-1.76,11.42,30.04
63407,-0.06,-0.84,-0.36,-47.89,-1.94,12.98,30.13
63417,-0.08,-0.87,-0.40,-44.66,-3.18,14.73,30.08
63427,-0.07,-0.86,-0.42,-42.05,-1.10,16.55,30.13
63437,-0.08,-0.85,-0.41,-41.39,-1.76,17.27,30.08
63447,-0.09,-0.84,-0.43,-45.19,-8.23,15.42,30.08
63457,-0.06,-0.85,-0.42,-49.59,-10.95,13.37,30.18
63467,-0.05,-0.87,-0.45,-53.30,-10.17,10.64,30.08
63477,-0.05,-0.86,-0.45,-56.40,-10.98,4.96,30.08
63487,-0.06,-0.86,-0.43,-58.44,-15.05,-2.41,30.18
63497,-0.06,-0.86,-0.46,-56.72,-18.24,-8.55,30.13
63507,-0.07,-0.83,-0.48,-52.27,-18.11,-9.80,30.04
63517,-0.09,-0.85,-0.47,-43.68,-14.56,-7.71,30.13
63527,-0.13,-0.87,-0.49,-35.56,-16.96,-4.47,30.04
63537,-0.14,-0.86,-0.51,-33.30,-20.40,-0.06,30.04
63547,-0.12,-0.86,-0.52,-34.90,-24.02,5.04,30.08
63557,-0.10,-0.85,-0.56,-37.07,-24.95,8.96,30.08
63567,-0.07,-0.85,-0.56,-41.50,-24.37,10.84,30.08
63577,-0.05,-0.86,-0.57,-42.15,-23.13,11.37,30.08
63587,-0.04,-0.91,-0.53,-38.75,-22.53,10.58,30.18
63597,-0.02,-0.98,-0.47,-28.85,-23.21,8.84,30.08
63607,-0.02,-1.05,-0.44,-18.61,-25.33,4.93,30.08
63617,-0.03,-1.09,-0.45,-10.66,-27.16,-1.11,30.04
63627,-0.02,-1.09,-0.46,-8.67,-28.75,-8.44,30.13
63637,-0.01,-1.06,-0.48,-8.70,-29.30,-14.81,30.04
63647,-0.01,-1.00,-0.55,-9.16,-28.21,-18.96,30.13
63657,-0.03,-0.96,-0.63,-9.65,-24.29,-18.09,30.04
63667,-0.04,-0.90,-0.70,-8.35,-16.00,-10.72,30.13
63677,-0.08,-0.89,-0.73,-8.55,-8.96,0.52,30.08
63687,-0.07,-0.93,-0.73,-10.60,0.20,10.40,29.99
63697,-0.07,-0.95,-0.69,-16.63,4.14,14.29,30.08
63707,-0.06,-1.00,-0.66,-21.74,1.28,10.72,30.08
63717,-0.10,-1.07,-0.60,-22.18,-9.24,1.76,30.08
63727,-0.12,-1.12,-0.57,-18.11,-19.63,-7.88,30.08
63737,-0.11,-1.16,-0.53,-8.11,-27.88,-16.76,30.08
63747,-0.12,-1.22,-0.48,5.04,-34.46,-24.23,30.13
63757,-0.12,-1.27,-0.43,15.94,-36.06,-30.87,30.04
63767,-0.14,-1.24,-0.37,18.63,-37.88,-32.02,30.04
63777,-0.16,-1.19,-0.33,14.03,-48.58,-27.51,30.04
63787,-0.15,-1.15,-0.38,13.42,-55.50,-18.92,30.13
63797,-0.09,-1.12,-0.46,21.57,-44.73,-6.27,30.04
63807,-0.04,-1.08,-0.54,37.86,-31.28,9.33,30.18
63817,0.01,-1.07,-0.61,49.04,-8.81,25.53,30.18
63827,0.04,-1.08,-0.56,53.79,6.02,32.26,30.08
63837,0.06,-1.11,-0.53,49.30,11.89,28.66,29.99
63847,0.01,-1.08,-0.50,37.80,6.37,17.42,30.08
63857,0.01,-1.04,-0.51,24.64,-5.82,2.40,30.08
63867,0.00,-1.02,-0.55,11.37,-19.22,-13.66,30.04
63877,0.01,-1.01,-0.55,-0.38,-32.35,-26.23,30.04
63887,0.01,-1.01,-0.57,-9.48,-32.46,-31.19,30.13
63897,0.01,-1.01,-0.53,-14.38,-26.21,-30.31,30.13
63907,-0.00,-1.05,-0.49,-15.25,-15.63,-25.54,30.04
63917,-0.03,-1.07,-0.41,-13.53,-4.60,-20.72,30.04
63927,-0.05,-1.11,-0.35,-7.16,-0.56,-21.18,29.99
63937,-0.06,-1.09,-0.34,0.84,-1.48,-22.63,30.08
63947,-0.07,-1.05,-0.37,11.47,-2.92,-20.20,30.08
63957,-0.06,-0.99,-0.46,18.99,0.24,-13.66,30.08
63967,-0.06,-0.95,-0.53,13.89,6.06,-5.36,29.99
63977,-0.07,-0.93,-0.54,1.40,11.11,-0.09,30.08
63987,-0.10,-0.92,-0.52,-11.79,15.04,2.03,30.13
63997,-0.12,-0.92,-0.47,-22.11,11.65,2.58,30.13
64007,-0.13,-0.95,-0.43,-25.22,4.41,-1.04,30.13
64017,-0.12,-0.98,-0.39,-21.21,-5.79,-8.08,30.04
64027,-0.13,-1.02,-0.35,-11.53,-15.25,-15.47,30.08
64037,-0.13,-1.04,-0.32,1.95,-26.15,-19.98,30.04
64047,-0.12,-1.03,-0.37,13.31,-27.39,-19.62,30.04
64057,-0.09,-1.02,-0.40,19.48,-19.59,-14.00,30.08
64067,-0.07,-1.01,-0.43,20.76,-7.11,-5.60,30.08
64077,-0.09,-1.01,-0.43,13.60,4.40,-1.19,30.08
64087,-0.11,-1.02,-0.42,4.89,5.89,-0.98,30.08
64097,-0.13,-1.02,-0.41,-0.89,1.69,-3.22,30.08
64107,-0.14,-1.03,-0.40,-1.86,-7.51,-6.23,30.08
64117,-0.11,-1.05,-0.37,2.50,-13.44,-9.79,30.13
64127,-0.10,-1.08,-0.33,9.07,-17.76,-12.21,30.13
64137,-0.07,-1.12,-0.27,18.82,-21.19,-14.64,30.04
64147,-0.04,-1.15,-0.23,27.60,-23.47,-21.37,30.13
64157,-0.04,-1.16,-0.22,34.26,-21.80,-29.77,29.99
64167,-0.07,-1.14,-0.19,35.89,-22.58,-31.80,30.04
64177,-0.09,-1.15,-0.16,35.16,-27.71,-31.34,30.08
64187,-0.05,-1.10,-0.30,38.41,-25.88,-29.88,30.08
64197,-0.02,-1.02,-0.45,35.97,-23.08,-26.26,29.99
64207,0.04,-0.95,-0.58,23.25,-16.75,-21.50,29.99
64217,0.09,-0.93,-0.65,2.72,-5.54,-18.27,30.08
64227,0.05,-0.96,-0.60,-16.32,-0.02,-18.38,30.08
64237,-0.03,-0.99,-0.50,-26.12,1.63,-21.95,30.08
64247,-0.10,-1.02,-0.41,-27.22,1.19,-23.50,30.08
64257,-0.19,-1.04,-0.37,-25.82,-3.86,-19.13,30.04
64267,-0.22,-1.05,-0.30,-21.66,-8.38,-10.35,30.04
64277,-0.18,-1.06,-0.27,-16.20,-7.40,0.15,30.04
64287,-0.15,-1.07,-0.27,-15.24,-5.74,7.39,29.94
64297,-0.09,-1.05,-0.28,-16.44,-2.76,8.24,30.04
64307,-0.07,-1.03,-0.31,-20.00,-5.21,3.47,30.13
64317,-0.08,-1.01,-0.33,-25.31,-11.19,-1.37,30.13
64327,-0.09,-0.98,-0.34,-28.89,-12.96,-2.23,29.99
64337,-0.08,-0.98,-0.35,-27.97,-9.97,2.82,30.08
64347,-0.08,-1.01,-0.34,-25.50,-2.70,10.93,30.08
64357,-0.04,-1.07,-0.30,-23.27,4.14,17.40,30.08
64367,-0.03,-1.10,-0.25,-20.15,6.53,19.18,29.99
64377,-0.04,-1.13,-0.21,-16.00,5.27,15.51,29.99
64387,-0.01,-1.15,-0.24,-10.26,1.82,6.95,29.99
64397,-0.05,-1.08,-0.28,-7.94,-7.16,-1.40,30.08
64407,-0.06,-1.04,-0.37,-8.56,-13.21,-9.30,30.08
64417,-0.06,-0.99,-0.39,-12.58,-18.70,-12.87,30.08
64427,-0.07,-0.95,-0.41,-17.56,-21.18,-11.98,30.04
64437,-0.08,-0.93,-0.43,-20.95,-20.17,-5.91,30.04
64447,-0.03,-0.93,-0.44,-21.71,-14.87,1.30,30.13
64457,-0.00,-0.97,-0.42,-21.28,-7.94,5.94,30.04
64467,0.01,-1.00,-0.40,-19.47,-3.91,7.37,30.04
64477,0.01,-1.04,-0.37,-16.44,-0.85,7.24,30.13
64487,-0.03,-1.07,-0.36,-13.01,-0.55,5.08,30.13
64497,-0.04,-1.09,-0.33,-8.60,0.79,2.61,30.08
64507,-0.05,-1.07,-0.34,-5.74,0.27,1.39,30.08
64517,-0.05,-1.05,-0.35,-5.30,-0.41,0.46,30.08
64527,-0.02,-1.05,-0.38,-7.59,-1.97,-1.76,30.08
64537,0.00,-1.05,-0.40,-8.90,-3.82,-6.61,30.08
64547,-0.00,-1.04,-0.43,-9.82,-4.15,-11.85,30.18
64557,-0.02,-1.03,-0.45,-10.41,-4.44,-15.18,30.08
64567,-0.06,-1.02,-0.46,-11.34,-2.96,-13.47,30.18
64577,-0.08,-1.01,-0.48,-13.05,0.38,-8.44,29.99
64587,-0.09,-1.03,-0.46,-13.91,5.16,-1.34,30.13
64597,-0.10,-1.04,-0.44,-13.97,8.09,4.05,30.13
64607,-0.08,-1.07,-0.42,-12.37,8.72,6.27,30.04
64617,-0.08,-1.10,-0.39,-11.01,6.00,6.21,30.13
64627,-0.05,-1.09,-0.38,-10.96,2.49,4.12,30.04
64637,-0.01,-1.11,-0.39,-10.21,0.81,2.02,30.13
64647,0.03,-1.15,-0.40,-7.89,2.61,-0.09,30.04
64657,0.07,-1.20,-0.38,-3.48,8.41,-4.05,30.08
64667,0.07,-1.24,-0.36,3.31,16.08,-9.73,30.08
64677,0.03,-1.24,-0.34,13.24,21.22,-13.11,30.08
64687,-0.02,-1.20,-0.33,24.40,26.63,-12.09,30.08
64697,-0.05,-1.13,-0.39,32.72,34.61,-8.11,30.08
64707,-0.08,-1.06,-0.45,33.47,41.88,-0.41,30.08
64717,-0.09,-1.03,-0.48,30.06,48.40,7.31,30.08
64727,-0.06,-1.02,-0.48,22.60,52.34,13.63,30.08
64737,-0.04,-1.05,-0.46,13.60,49.33,15.28,30.13
64747,0.01,-1.11,-0.47,3.69,42.96,12.50,30.04
64757,0.02,-1.15,-0.46,-8.35,31.34,6.63,30.04
64767,0.04,-1.18,-0.46,-20.26,18.64,-1.85,30.13
64777,0.06,-1.19,-0.45,-33.68,12.60,-11.10,29.94
64787,0.04,-1.19,-0.43,-44.69,7.77,-20.41,30.04
64797,0.02,-1.16,-0.41,-48.02,3.94,-28.29,30.08
64807,-0.02,-1.12,-0.44,-44.49,2.43,-30.90,30.08
64817,-0.05,-1.07,-0.49,-36.53,3.86,-25.77,29.99
64827,-0.08,-1.02,-0.54,-31.16,11.89,-13.65,30.08
64837,-0.09,-0.99,-0.55,-32.60,21.74,2.27,30.08
64847,-0.09,-0.99,-0.55,-35.07,31.44,17.66,30.08
64857,-0.07,-0.99,-0.55,-37.83,39.57,28.69,30.08
64867,-0.05,-1.02,-0.55,-39.10,42.05,34.31,29.99
64877,-0.00,-1.05,-0.54,-36.85,40.40,33.40,30.08
64887,0.02,-1.06,-0.54,-33.54,34.34,26.61,30.08
64897,0.04,-1.08,-0.53,-29.13,29.01,17.44,30.04
64907,0.05,-1.08,-0.53,-23.69,28.20,10.03,30.04
64917,0.03,-1.05,-0.51,-16.61,29.62,5.60,30.13
64927,0.01,-1.04,-0.50,-8.78,30.11,2.87,30.04
64937,-0.01,-1.01,-0.51,-1.83,28.14,1.79,30.13
64947,-0.03,-0.98,-0.52,2.18,24.00,1.83,30.04
64957,-0.04,-0.93,-0.56,3.91,19.94,3.85,30.04
64967,-0.04,-0.91,-0.60,2.85,18.52,8.21,30.08
64977,-0.05,-0.89,-0.62,1.39,23.30,12.73,30.08
64987,-0.06,-0.91,-0.61,-3.59,27.40,16.35,30.08
64997,-0.05,-0.92,-0.58,-7.22,32.03,20.15,30.08
65007,-0.04,-0.93,-0.53,-8.27,35.18,21.39,30.08
65017,-0.05,-0.94,-0.48,-4.79,33.51,20.46,30.08
65027,-0.04,-0.95,-0.43,1.80,28.50,17.42,30.18
65037,-0.03,-0.97,-0.45,9.27,22.52,13.13,30.08
65047,-0.02,-0.95,-0.50,14.00,19.80,10.64,30.04
65057,-0.04,-0.92,-0.54,15.57,19.51,10.12,30.13
65067,-0.03,-0.90,-0.57,12.82,23.02,11.85,30.04
65077,-0.04,-0.88,-0.56,6.78,22.87,12.43,30.13
65087,-0.02,-0.85,-0.58,1.39,24.76,11.82,30.04
65097,-0.01,-0.83,-0.53,-4.50,22.27,9.50,30.08
65107,0.02,-0.81,-0.52,-7.28,20.55,7.80,30.04
65117,0.03,-0.78,-0.54,-10.79,20.50,8.72,30.04
65127,0.02,-0.80,-0.54,-14.11,23.18,11.57,30.08
65137,0.00,-0.85,-0.55,-19.59,30.00,17.07,30.08
65147,-0.07,-0.91,-0.51,-25.05,32.72,22.92,30.08
65157,-0.14,-0.96,-0.45,-24.49,29.34,29.01,30.08
65167,-0.13,-0.99,-0.43,-17.27,24.26,32.84,29.99
65177,-0.10,-1.05,-0.41,-7.74,16.55,32.52,30.08
65187,-0.09,-1.01,-0.40,1.89,6.38,32.03,30.18
65197,0.07,-1.02,-0.43,6.67,6.93,23.65,30.13
65207,0.13,-0.99,-0.42,10.14,4.29,11.74,30.13
65217,0.18,-0.96,-0.47,13.69,7.92,-0.29,30.13
65227,0.16,-0.94,-0.49,20.61,14.06,-10.35,30.04
65237,0.11,-0.93,-0.50,27.10,17.30,-19.02,30.13
65247,0.05,-0.92,-0.51,28.96,17.28,-25.18,30.13
65257,-0.01,-0.92,-0.50,26.40,12.70,-30.21,30.04
65267,-0.04,-0.92,-0.50,22.75,8.18,-32.95,30.08
65277,-0.05,-0.92,-0.51,20.09,5.33,-32.70,30.08
65287,-0.05,-0.91,-0.48,18.14,4.85,-31.05,30.08
65297,-0.03,-0.91,-0.47,17.51,6.20,-28.87,30.18
65307,-0.02,-0.89,-0.46,15.80,6.67,-27.04,29.99
65317,-0.00,-0.89,-0.45,15.13,6.09,-24.82,29.99
65327,0.01,-0.89,-0.43,15.89,4.89,-23.11,30.08
65337,0.02,-0.91,-0.41,18.03,3.39,-21.80,30.18
65347,0.03,-0.92,-0.39,20.49,3.69,-20.17,30.04
65357,0.03,-0.91,-0.39,22.99,3.15,-17.91,30.04
65367,0.04,-0.90,-0.39,24.20,2.69,-16.29,30.13
65377,0.03,-0.88,-0.40,23.08,3.62,-13.48,30.13
65387,0.02,-0.86,-0.40,19.85,5.07,-7.77,30.04
65397,0.01,-0.88,-0.39,15.88,6.23,-0.99,30.08
65407,-0.01,-0.92,-0.34,12.72,6.43,5.31,30.04
65417,-0.01,-0.96,-0.32,12.44,6.02,10.20,30.13
65427,0.00,-1.00,-0.33,14.03,6.52,13.22,30.08
65437,0.02,-1.03,-0.34,13.47,6.99,13.36,30.08
65447,0.04,-1.03,-0.33,11.19,4.98,10.89,30.18
65457,0.06,-1.01,-0.34,9.97,4.02,5.79,29.99
65467,0.08,-0.97,-0.35,14.03,7.22,-0.18,30.08
65477,0.09,-0.92,-0.38,24.14,13.51,-2.79,30.08
65487,0.09,-0.87,-0.40,31.94,19.83,-1.15,30.08
65497,0.04,-0.82,-0.42,33.86,21.08,2.70,30.13
65507,0.02,-0.81,-0.42,32.96,17.79,6.66,30.13
65517,0.01,-0.79,-0.43,29.82,13.47,11.11,30.13
65527,0.00,-0.78,-0.41,26.84,7.28,14.38,30.04
65537,0.01,-0.79,-0.40,25.56,2.52,16.18,30.04
65547,0.05,-0.78,-0.38,25.16,-2.24,16.78,30.13
65557,0.09,-0.78,-0.34,25.30,-4.11,15.45,30.13
65567,0.12,-0.78,-0.34,27.71,-2.60,12.72,30.08
65577,0.15,-0.79,-0.34,29.24,1.80,9.62,30.18
65587,0.15,-0.79,-0.33,28.82,6.40,5.40,29.99
65597,0.13,-0.81,-0.32,26.43,7.68,0.06,30.08
65607,0.10,-0.82,-0.31,22.37,6.90,-5.69,29.99
65617,0.10,-0.81,-0.29,16.50,5.63,-9.16,30.08
65627,0.09,-0.80,-0.29,12.90,5.33,-11.07,30.18
65637,0.07,-0.77,-0.27,10.56,7.79,-10.21,30.13
65647,0.03,-0.76,-0.25,10.49,7.25,-7.02,30.04
65657,0.01,-0.79,-0.25,13.27,6.02,-1.80,30.04
65667,-0.01,-0.86,-0.22,16.23,5.48,4.06,30.13
65677,-0.03,-0.92,-0.22,17.57,5.15,8.27,30.04
65687,-0.03,-0.99,-0.18,17.91,2.21,10.61,30.13
65697,-0.01,-1.02,-0.16,18.76,1.34,10.76,30.08
65707,0.01,-1.04,-0.14,20.63,0.44,7.66,30.08
65717,0.04,-1.03,-0.13,22.99,0.92,2.70,30.08
65727,0.05,-0.97,-0.13,25.37,1.39,-2.50,30.08
65737,0.04,-0.92,-0.15,26.78,2.96,-7.16,30.08
65747,0.01,-0.88,-0.19,25.10,5.07,-10.87,30.08
65757,-0.02,-0.85,-0.22,20.89,4.11,-13.77,30.13
65767,-0.04,-0.83,-0.25,14.96,1.51,-14.67,30.13
65777,-0.04,-0.82,-0.28,8.96,-1.57,-12.67,30.13
65787,-0.01,-0.82,-0.30,3.97,-3.54,-8.05,30.13
65797,0.02,-0.84,-0.30,0.44,-3.94,-2.66,30.04
65807,0.05,-0.87,-0.29,-1.36,-4.12,1.28,30.13
65817,0.08,-0.91,-0.26,-1.51,-3.76,3.83,30.13
65827,0.11,-0.96,-0.25,-0.23,-2.17,3.31,30.08
65837,0.12,-0.97,-0.24,1.86,-0.27,0.72,30.08
65847,0.12,-0.97,-0.23,3.39,1.54,-1.69,30.08
65857,0.12,-0.98,-0.21,5.21,3.22,-4.35,30.18
65867,0.09,-1.00,-0.21,7.10,6.18,-7.08,30.18
65877,0.09,-0.98,-0.20,8.26,8.20,-9.73,30.18
65887,0.07,-0.98,-0.16,8.82,7.42,-12.76,30.04
65897,0.06,-0.99,-0.16,10.46,5.74,-15.94,30.13
65907,0.05,-0.97,-0.17,12.02,5.07,-17.53,30.04
65917,0.04,-0.96,-0.17,12.64,3.83,-16.73,30.04
65927,0.03,-0.95,-0.18,12.55,4.09,-15.02,30.22
65937,0.04,-0.94,-0.17,12.00,4.55,-12.27,30.04
65947,0.04,-0.95,-0.16,12.26,5.73,-10.00,30.08
65957,0.04,-0.96,-0.17,12.93,4.70,-7.97,29.99
65967,0.04,-0.95,-0.18,14.35,5.51,-5.88,30.18
65977,0.05,-0.96,-0.18,16.09,6.23,-3.98,30.08
65987,0.07,-0.96,-0.17,16.34,6.79,-3.62,29.99
65997,0.08,-0.97,-0.18,16.08,8.08,-4.08,30.08
66007,0.08,-0.96,-0.18,15.13,7.92,-5.91,30.04
66017,0.07,-0.96,-0.18,14.17,6.79,-6.55,30.13
66027,0.06,-0.96,-0.16,12.90,5.85,-6.32,30.04
66037,0.06,-0.93,-0.15,12.75,5.65,-5.85,30.04
66047,0.08,-0.92,-0.14,12.32,7.16,-6.52,30.18
66057,0.08,-0.91,-0.14,11.01,7.08,-8.08,30.04
66067,0.07,-0.89,-0.12,9.68,4.90,-9.48,30.08
66077,0.07,-0.88,-0.12,8.38,3.19,-9.50,29.99
66087,0.06,-0.89,-0.12,8.73,1.94,-8.20,30.18
66097,0.05,-0.88,-0.11,10.11,2.32,-4.60,30.08
66107,0.04,-0.89,-0.11,11.39,1.79,-0.06,30.08
66117,0.03,-0.88,-0.12,12.35,0.44,4.92,30.08
66127,0.05,-0.90,-0.13,12.32,-0.53,9.47,30.08
66137,0.06,-0.91,-0.13,12.03,-0.60,11.83,30.04
66147,0.08,-0.91,-0.14,10.49,0.34,12.78,30.04
66157,0.07,-0.92,-0.13,8.26,0.32,12.85,30.04
66167,0.08,-0.93,-0.12,6.53,-0.56,12.06,30.13
66177,0.08,-0.94,-0.11,5.97,-0.61,10.08,29.99
66187,0.08,-0.96,-0.12,5.42,-0.50,7.42,30.04
66197,0.09,-0.97,-0.10,3.71,0.00,3.39,30.08
66207,0.09,-0.97,-0.08,3.28,0.06,-0.50,30.18
66217,0.09,-0.97,-0.06,3.63,0.24,-4.85,29.99
66227,0.08,-0.94,-0.06,6.38,0.93,-7.63,30.08
66237,0.07,-0.93,-0.06,9.94,2.35,-8.84,30.18
66247,0.07,-0.91,-0.06,11.39,3.73,-8.52,30.08
66257,0.06,-0.89,-0.05,9.73,3.47,-8.03,30.13
66267,0.05,-0.88,-0.04,8.31,1.53,-8.37,30.04
66277,0.06,-0.89,-0.07,7.05,0.70,-8.03,30.04
66287,0.06,-0.89,-0.08,6.78,1.51,-7.25,30.04
66297,0.05,-0.91,-0.10,5.63,1.68,-5.34,30.04
66307,0.05,-0.93,-0.10,4.55,1.45,-3.74,30.08
66317,0.07,-0.94,-0.11,2.76,1.01,-2.84,30.04
66327,0.08,-0.96,-0.11,1.56,0.29,-1.77,29.99
66337,0.10,-0.96,-0.11,1.08,0.81,-1.54,30.08
66347,0.11,-0.97,-0.10,1.47,1.19,-1.89,29.99
66357,0.11,-0.97,-0.09,1.57,1.16,-2.29,29.99
66367,0.11,-0.98,-0.08,1.80,1.60,-2.78,30.08
66377,0.10,-0.99,-0.10,2.92,2.27,-2.75,30.08
66387,0.09,-1.01,-0.11,2.29,2.37,-2.50,30.04
66397,0.09,-1.04,-0.11,0.26,2.32,-2.90,30.04
66407,0.09,-1.05,-0.10,-1.88,2.05,-4.32,30.04
66417,0.09,-1.04,-0.12,-3.24,2.31,-5.47,30.13
66427,0.08,-1.04,-0.11,-4.64,1.83,-5.42,30.13
66437,0.08,-1.04,-0.10,-4.61,2.05,-4.24,30.18
66447,0.08,-1.04,-0.09,-3.68,1.79,-2.34,30.13
66457,0.07,-1.05,-0.09,-1.85,1.71,0.23,30.08
66467,0.07,-1.06,-0.10,-0.55,2.17,2.46,30.18
66477,0.07,-1.07,-0.09,0.18,1.91,4.82,29.99
66487,0.06,-1.07,-0.08,-0.12,1.68,5.68,30.08
66497,0.07,-1.07,-0.09,-0.18,1.47,5.94,30.08
66507,0.08,-1.06,-0.09,-0.82,0.79,6.18,30.08
66517,0.08,-1.05,-0.07,-1.76,0.12,6.27,30.04
66527,0.08,-1.06,-0.06,-2.02,-0.69,5.71,30.04
66537,0.08,-1.06,-0.05,-1.40,-0.60,4.44,30.13
66547,0.08,-1.05,-0.04,-0.44,-0.99,2.76,30.13
66557,0.08,-1.04,-0.03,1.51,-1.51,1.80,30.13
66567,0.07,-1.01,-0.04,3.94,-1.44,1.65,30.08
66577,0.07,-0.98,-0.05,5.69,-1.39,2.95,30.08
66587,0.07,-0.96,-0.06,6.08,-0.89,5.39,30.08
66597,0.07,-0.94,-0.06,5.19,-1.24,7.79,30.08
66607,0.09,-0.93,-0.07,2.92,-1.65,9.51,30.08
66617,0.10,-0.93,-0.08,-0.18,-1.45,9.77,30.08
66627,0.11,-0.94,-0.09,-3.02,-2.18,8.64,30.08
66637,0.12,-0.95,-0.08,-4.90,-1.85,7.37,30.08
66647,0.12,-0.97,-0.07,-5.91,-1.21,6.18,30.13
66657,0.12,-1.00,-0.08,-5.91,-0.50,5.56,30.04
66667,0.12,-1.02,-0.07,-5.80,0.46,4.66,30.04
66677,0.12,-1.03,-0.06,-4.73,2.00,3.25,30.13
66687,0.12,-1.03,-0.06,-3.33,3.28,2.47,30.04
66697,0.11,-1.03,-0.06,-2.47,3.42,1.62,30.18
66707,0.11,-1.02,-0.07,-1.48,3.76,1.10,30.08
66717,0.10,-1.01,-0.08,-1.44,4.11,0.64,30.08
66727,0.10,-1.00,-0.09,-1.98,4.90,0.75,29.99
66737,0.09,-1.00,-0.09,-2.44,4.96,0.69,29.99
66747,0.10,-1.00,-0.10,-3.28,5.10,0.72,29.99
66757,0.10,-1.01,-0.10,-4.87,5.97,0.09,30.08
66767,0.09,-1.02,-0.08,-6.20,6.06,-1.36,30.08
66777,0.09,-1.03,-0.07,-7.59,5.40,-2.46,30.18
66787,0.09,-1.03,-0.06,-7.40,5.36,-3.66,30.22
66797,0.07,-1.03,-0.06,-6.96,5.27,-4.44,30.13
66807,0.06,-1.02,-0.06,-5.34,5.44,-4.79,30.04
66817,0.05,-1.02,-0.06,-3.69,5.74,-3.69,30.13
66827,0.04,-1.01,-0.05,-2.47,6.44,-1.82,29.99
66837,0.03,-1.02,-0.05,-2.12,3.51,0.03,30.13
66847,0.03,-1.04,-0.07,-1.48,3.77,2.67,30.08
66857,0.05,-1.04,-0.07,-1.13,4.70,4.56,30.08
66867,0.05,-1.04,-0.08,-1.25,5.33,5.21,30.08
66877,0.06,-1.04,-0.07,-2.29,3.91,4.32,30.08
66887,0.07,-1.04,-0.07,-3.65,3.05,2.47,30.08
66897,0.07,-1.05,-0.07,-4.00,2.69,0.44,30.08
66907,0.06,-1.05,-0.07,-3.97,3.15,-0.52,30.08
66917,0.05,-1.05,-0.06,-3.97,3.21,-0.99,30.13
66927,0.05,-1.05,-0.06,-3.28,2.84,-1.19,30.04
66937,0.04,-1.05,-0.06,-2.52,2.20,-1.24,30.13
66947,0.05,-1.04,-0.07,-0.95,1.15,-0.40,30.04
66957,0.06,-1.03,-0.07,0.06,1.27,0.55,30.08
66967,0.07,-1.02,-0.08,1.01,1.98,0.75,30.13
66977,0.08,-1.00,-0.09,0.99,2.81,0.78,30.04
66987,0.08,-0.99,-0.09,-0.47,3.05,0.06,29.99
66997,0.09,-0.99,-0.09,-2.50,3.27,-0.84,30.08
67007,0.09,-1.00,-0.09,-4.23,3.22,-1.82,30.08
67017,0.08,-1.00,-0.08,-5.51,3.28,-2.69,30.08
67027,0.07,-1.00,-0.09,-5.73,2.87,-2.41,30.08
67037,0.06,-1.02,-0.06,-5.91,2.00,-3.08,30.08
67047,0.05,-1.02,-0.07,-5.80,1.73,-2.66,30.08
67057,0.06,-1.01,-0.07,-4.78,1.76,-1.48,30.13
67067,0.05,-1.01,-0.07,-3.16,1.97,-0.12,30.04
67077,0.05,-1.02,-0.07,-1.34,2.27,1.31,30.04
67087,0.04,-1.03,-0.07,0.58,1.34,1.45,30.13
67097,0.04,-1.04,-0.06,2.40,0.66,0.76,30.13
67107,0.04,-1.06,-0.07,4.14,0.49,-0.46,30.04
67117,0.03,-1.09,-0.07,5.89,0.99,-2.66,30.04
67127,0.04,-1.11,-0.06,6.75,-0.24,-4.82,30.08
67137,0.04,-1.13,-0.06,7.48,-0.43,-7.33,30.18
67147,0.06,-1.13,-0.05,7.51,0.63,-9.89,30.08
67157,0.06,-1.13,-0.05,9.16,2.15,-11.98,30.08
67167,0.06,-1.08,-0.05,11.27,4.09,-13.24,30.08
67177,0.06,-1.03,-0.08,12.58,7.85,-13.28,30.08
67187,0.04,-0.98,-0.11,9.92,9.13,-11.57,30.08
67197,0.04,-0.94,-0.11,5.66,5.68,-8.84,30.04
67207,0.03,-0.90,-0.09,-1.36,2.89,-6.92,30.04
67217,0.04,-0.90,-0.06,-7.19,0.08,-5.79,30.13
67227,0.04,-0.90,-0.06,-10.26,-0.18,-5.24,30.13
67237,0.05,-0.91,-0.05,-10.96,0.27,-4.14,30.13
67247,0.05,-0.94,-0.02,-12.15,-0.34,-2.32,30.04
67257,0.06,-0.95,-0.02,-12.12,-1.69,-0.15,30.18
67267,0.07,-0.98,-0.02,-11.44,-3.47,2.84,30.08
67277,0.09,-1.01,-0.03,-9.86,-4.24,5.79,30.08
67287,0.10,-1.04,-0.03,-7.74,-5.13,7.01,30.08
67297,0.12,-1.06,-0.03,-5.73,-5.92,6.92,30.08
67307,0.14,-1.07,-0.03,-4.52,-6.66,5.34,30.08
67317,0.16,-1.07,-0.04,-2.79,-5.76,3.13,30.08
67327,0.16,-1.08,-0.06,-0.92,-4.89,0.38,30.08
67337,0.15,-1.07,-0.08,-0.75,-3.91,-1.79,30.13
67347,0.14,-1.06,-0.07,-1.01,-3.94,-3.11,30.04
67357,0.14,-1.05,-0.08,-2.15,-2.75,-5.07,30.13
67367,0.14,-1.03,-0.09,-3.56,-0.37,-6.32,30.04
67377,0.15,-1.01,-0.08,-4.99,2.27,-7.04,30.04
67387,0.14,-1.00,-0.08,-5.44,3.88,-7.85,30.08
67397,0.11,-0.99,-0.08,-5.53,3.28,-8.23,30.13
67407,0.11,-0.98,-0.07,-5.69,1.50,-7.16,30.08
67417,0.09,-0.98,-0.07,-4.61,-0.43,-4.82,30.18
67427,0.09,-0.98,-0.07,-2.09,-1.07,-1.54,30.08
67437,0.08,-0.98,-0.07,1.65,0.50,2.31,30.08
67447,0.08,-0.99,-0.07,4.81,0.79,5.53,30.08
67457,0.08,-0.99,-0.09,5.98,-0.12,7.98,29.99
67467,0.10,-1.00,-0.10,3.47,0.60,10.24,29.99
67477,0.10,-1.02,-0.09,-0.46,0.82,9.88,30.04
67487,0.11,-1.04,-0.10,-3.13,0.53,8.35,30.04
67497,0.11,-1.05,-0.10,-5.76,2.92,6.43,30.04
67507,0.10,-1.07,-0.09,-8.09,2.11,4.44,30.13
67517,0.10,-1.08,-0.07,-8.37,3.08,2.87,30.08
67527,0.11,-1.08,-0.07,-7.33,4.44,0.27,30.04
67537,0.11,-1.10,-0.06,-6.09,6.35,-2.84,30.13
67547,0.12,-1.11,-0.06,-4.89,8.35,-6.70,30.18
67557,0.13,-1.11,-0.05,-3.85,9.42,-11.71,30.18
67567,0.13,-1.09,-0.04,-3.91,10.11,-17.13,30.08
67577,0.12,-1.07,-0.03,-4.24,9.44,-21.22,30.08
67587,0.11,-1.05,-0.02,-4.18,8.47,-22.90,30.08
67597,0.08,-0.99,-0.04,-3.57,7.45,-21.89,30.08
67607,0.06,-0.98,-0.04,-2.84,6.27,-18.38,30.18
67617,0.05,-0.97,-0.04,-2.44,4.17,-13.15,30.13
67627,0.04,-0.96,-0.04,-2.05,2.52,-7.11,30.13
67637,0.06,-0.96,-0.04,-1.59,2.23,-1.60,30.13
67647,0.08,-0.97,-0.05,-1.65,2.81,2.46,30.13
67657,0.08,-0.98,-0.05,-1.39,2.92,4.82,30.13
67667,0.09,-0.99,-0.05,-1.56,2.08,5.97,30.13
67677,0.10,-1.01,-0.05,-1.07,0.08,6.20,30.18
67687,0.12,-1.03,-0.06,-0.15,0.38,6.35,30.08
67697,0.12,-1.05,-0.06,0.23,0.52,5.44,30.08
67707,0.12,-1.06,-0.05,-0.67,1.25,4.21,30.08
67717,0.12,-1.06,-0.04,-0.93,1.07,2.21,30.18
67727,0.11,-1.08,-0.05,-0.53,0.70,-0.37,29.99
67737,0.11,-1.07,-0.05,-0.29,1.97,-2.50,30.18
